date,location_name,iso2_code,target_group,dose,doses_administered
2023-09-30,Belgium,BE,ALL,,431019
2023-09-30,Bulgaria,BG,ALL,,3455
2023-09-30,Cyprus,CY,ALL,,1093
2023-09-30,Czechia,CZ,ALL,,14003
2023-09-30,Germany,DE,ALL,,201281
2023-09-30,Estonia,EE,ALL,,160
2023-09-30,Greece,GR,ALL,,801
2023-09-30,Spain,ES,ALL,,32397
2023-09-30,Finland,FI,ALL,,527
2023-09-30,Hungary,HU,ALL,,408
2023-09-30,Ireland,IE,ALL,,53196
2023-09-30,Iceland,IS,ALL,,244
2023-09-30,Liechtenstein,LI,ALL,,1
2023-09-30,Luxembourg,LU,ALL,,84
2023-09-30,Malta,MT,ALL,,1
2023-09-30,Netherlands,NL,ALL,,60
2023-09-30,Norway,NO,ALL,,16396
2023-09-30,Poland,PL,ALL,,4495
2023-09-30,Portugal,PT,ALL,,33596
2023-09-30,Sweden,SE,ALL,,14748
2023-09-30,Slovenia,SI,ALL,,63
2023-09-30,Slovakia,SK,ALL,,1354
2023-09-30,Bulgaria,BG,Age18_24,,22
2023-09-30,Bulgaria,BG,Age25_49,,403
2023-09-30,Bulgaria,BG,Age50_59,,378
2023-09-30,Belgium,BE,Age60+,,349580
2023-09-30,Cyprus,CY,Age60+,,1048
2023-09-30,Czechia,CZ,Age60+,,10784
2023-09-30,Germany,DE,Age60+,,169231
2023-09-30,Greece,GR,Age60+,,458
2023-09-30,Spain,ES,Age60+,,31161
2023-09-30,Finland,FI,Age60+,,349
2023-09-30,Liechtenstein,LI,Age60+,,0
2023-09-30,Lithuania,LT,Age60+,,94
2023-09-30,Netherlands,NL,Age60+,,50
2023-09-30,Norway,NO,Age60+,,14607
2023-09-30,Portugal,PT,Age60+,,31065
2023-09-30,Sweden,SE,Age60+,,10669
2023-09-30,Slovakia,SK,Age60+,,943
2023-09-30,Belgium,BE,Age60_69,,105997
2023-09-30,Bulgaria,BG,Age60_69,,925
2023-09-30,Cyprus,CY,Age60_69,,621
2023-09-30,Czechia,CZ,Age60_69,,3254
2023-09-30,Estonia,EE,Age60_69,,64
2023-09-30,Greece,GR,Age60_69,,119
2023-09-30,Spain,ES,Age60_69,,1903
2023-09-30,Finland,FI,Age60_69,,159
2023-09-30,Hungary,HU,Age60_69,,85
2023-09-30,Ireland,IE,Age60_69,,11827
2023-09-30,Iceland,IS,Age60_69,,0
2023-09-30,Italy,IT,Age60_69,,28
2023-09-30,Liechtenstein,LI,Age60_69,,0
2023-09-30,Luxembourg,LU,Age60_69,,25
2023-09-30,Malta,MT,Age60_69,,0
2023-09-30,Netherlands,NL,Age60_69,,29
2023-09-30,Norway,NO,Age60_69,,3931
2023-09-30,Poland,PL,Age60_69,,1293
2023-09-30,Portugal,PT,Age60_69,,11078
2023-09-30,Sweden,SE,Age60_69,,4590
2023-09-30,Slovenia,SI,Age60_69,,9
2023-09-30,Slovakia,SK,Age60_69,,382
2023-09-30,Belgium,BE,Age70_79,,126308
2023-09-30,Bulgaria,BG,Age70_79,,1273
2023-09-30,Cyprus,CY,Age70_79,,1309
2023-09-30,Czechia,CZ,Age70_79,,4983
2023-09-30,Estonia,EE,Age70_79,,50
2023-09-30,Greece,GR,Age70_79,,125
2023-09-30,Spain,ES,Age70_79,,5030
2023-09-30,Finland,FI,Age70_79,,155
2023-09-30,Hungary,HU,Age70_79,,71
2023-09-30,Ireland,IE,Age70_79,,19959
2023-09-30,Iceland,IS,Age70_79,,0
2023-09-30,Italy,IT,Age70_79,,14
2023-09-30,Liechtenstein,LI,Age70_79,,0
2023-09-30,Luxembourg,LU,Age70_79,,10
2023-09-30,Malta,MT,Age70_79,,0
2023-09-30,Netherlands,NL,Age70_79,,16
2023-09-30,Norway,NO,Age70_79,,7565
2023-09-30,Poland,PL,Age70_79,,1111
2023-09-30,Portugal,PT,Age70_79,,12751
2023-09-30,Sweden,SE,Age70_79,,4869
2023-09-30,Slovenia,SI,Age70_79,,13
2023-09-30,Slovakia,SK,Age70_79,,435
2023-09-30,Belgium,BE,Age80+,,117275
2023-09-30,Bulgaria,BG,Age80+,,432
2023-09-30,Cyprus,CY,Age80+,,885
2023-09-30,Czechia,CZ,Age80+,,2547
2023-09-30,Estonia,EE,Age80+,,17
2023-09-30,Greece,GR,Age80+,,214
2023-09-30,Spain,ES,Age80+,,24228
2023-09-30,Finland,FI,Age80+,,35
2023-09-30,Hungary,HU,Age80+,,27
2023-09-30,Ireland,IE,Age80+,,12619
2023-09-30,Iceland,IS,Age80+,,0
2023-09-30,Italy,IT,Age80+,,54
2023-09-30,Liechtenstein,LI,Age80+,,0
2023-09-30,Luxembourg,LU,Age80+,,7
2023-09-30,Malta,MT,Age80+,,1
2023-09-30,Netherlands,NL,Age80+,,5
2023-09-30,Norway,NO,Age80+,,3111
2023-09-30,Poland,PL,Age80+,,444
2023-09-30,Portugal,PT,Age80+,,7236
2023-09-30,Sweden,SE,Age80+,,1210
2023-09-30,Slovenia,SI,Age80+,,3
2023-09-30,Slovakia,SK,Age80+,,126
2023-09-30,Bulgaria,BG,Age<18,,22
2023-09-30,Spain,ES,Age<18,,4
2023-09-30,Bulgaria,BG,AgeUNK,,0
2023-09-30,Estonia,EE,AgeUNK,,0
2023-09-30,Greece,GR,AgeUNK,,0
2023-09-30,Spain,ES,AgeUNK,,0
2023-09-30,Finland,FI,AgeUNK,,0
2023-09-30,Hungary,HU,AgeUNK,,0
2023-09-30,Ireland,IE,AgeUNK,,0
2023-09-30,Iceland,IS,AgeUNK,,0
2023-09-30,Liechtenstein,LI,AgeUNK,,0
2023-09-30,Malta,MT,AgeUNK,,0
2023-09-30,Portugal,PT,AgeUNK,,0
2023-09-30,Cyprus,CY,Chronic,,43
2023-09-30,Czechia,CZ,Chronic,,1350
2023-09-30,Greece,GR,Chronic,,0
2023-09-30,Spain,ES,Chronic,,42
2023-09-30,Ireland,IE,Chronic,,15
2023-09-30,Iceland,IS,Chronic,,0
2023-09-30,Malta,MT,Chronic,,0
2023-09-30,Portugal,PT,Chronic,,705
2023-09-30,Belgium,BE,HCW,,27847
2023-09-30,Bulgaria,BG,HCW,,210
2023-09-30,Cyprus,CY,HCW,,0
2023-09-30,Czechia,CZ,HCW,,1315
2023-09-30,Greece,GR,HCW,,31
2023-09-30,Spain,ES,HCW,,196
2023-09-30,Ireland,IE,HCW,,53
2023-09-30,Iceland,IS,HCW,,0
2023-09-30,Malta,MT,HCW,,0
2023-09-30,Norway,NO,HCW,,58
2023-09-30,Portugal,PT,HCW,,1770
2023-09-30,Greece,GR,Pregnant,,0
2023-09-30,Spain,ES,Pregnant,,1
2023-09-30,Ireland,IE,Pregnant,,889
2023-09-30,Iceland,IS,Pregnant,,0
2023-09-30,Malta,MT,Pregnant,,0
2023-09-30,Portugal,PT,Pregnant,,24
2023-10-31,Belgium,BE,ALL,,1213965
2023-10-31,Bulgaria,BG,ALL,,19688
2023-10-31,Cyprus,CY,ALL,,3085
2023-10-31,Czechia,CZ,ALL,,181787
2023-10-31,Germany,DE,ALL,,1492488
2023-10-31,Denmark,DK,ALL,,759455
2023-10-31,Estonia,EE,ALL,,15328
2023-10-31,Greece,GR,ALL,,25998
2023-10-31,Spain,ES,ALL,,2709556
2023-10-31,Finland,FI,ALL,,12955
2023-10-31,France,FR,ALL,,2288152
2023-10-31,Hungary,HU,ALL,,682
2023-10-31,Ireland,IE,ALL,,395888
2023-10-31,Iceland,IS,ALL,,16643
2023-10-31,Liechtenstein,LI,ALL,,205
2023-10-31,Luxembourg,LU,ALL,,6898
2023-10-31,Malta,MT,ALL,,555
2023-10-31,Netherlands,NL,ALL,,1082124
2023-10-31,Norway,NO,ALL,,305416
2023-10-31,Poland,PL,ALL,,6466
2023-10-31,Portugal,PT,ALL,,1080001
2023-10-31,Sweden,SE,ALL,,99824
2023-10-31,Slovenia,SI,ALL,,13703
2023-10-31,Slovakia,SK,ALL,,9903
2023-10-31,Bulgaria,BG,Age18_24,,112
2023-10-31,Bulgaria,BG,Age25_49,,1732
2023-10-31,Bulgaria,BG,Age50_59,,1703
2023-10-31,Belgium,BE,Age60+,,907760
2023-10-31,Cyprus,CY,Age60+,,2026
2023-10-31,Czechia,CZ,Age60+,,153801
2023-10-31,Germany,DE,Age60+,,1278047
2023-10-31,Greece,GR,Age60+,,19068
2023-10-31,Spain,ES,Age60+,,2421666
2023-10-31,Finland,FI,Age60+,,11806
2023-10-31,France,FR,Age60+,,2007387
2023-10-31,Liechtenstein,LI,Age60+,,164
2023-10-31,Lithuania,LT,Age60+,,19313
2023-10-31,Netherlands,NL,Age60+,,987228
2023-10-31,Norway,NO,Age60+,,278543
2023-10-31,Portugal,PT,Age60+,,947825
2023-10-31,Sweden,SE,Age60+,,85959
2023-10-31,Slovakia,SK,Age60+,,7411
2023-10-31,Belgium,BE,Age60_69,,336726
2023-10-31,Bulgaria,BG,Age60_69,,4828
2023-10-31,Cyprus,CY,Age60_69,,520
2023-10-31,Czechia,CZ,Age60_69,,41967
2023-10-31,Denmark,DK,Age60_69,,196898
2023-10-31,Estonia,EE,Age60_69,,4039
2023-10-31,Greece,GR,Age60_69,,7504
2023-10-31,Spain,ES,Age60_69,,489343
2023-10-31,Finland,FI,Age60_69,,2727
2023-10-31,France,FR,Age60_69,,514850
2023-10-31,Hungary,HU,Age60_69,,154
2023-10-31,Ireland,IE,Age60_69,,97765
2023-10-31,Iceland,IS,Age60_69,,4682
2023-10-31,Italy,IT,Age60_69,,59054
2023-10-31,Liechtenstein,LI,Age60_69,,63
2023-10-31,Luxembourg,LU,Age60_69,,1695
2023-10-31,Malta,MT,Age60_69,,118
2023-10-31,Netherlands,NL,Age60_69,,374337
2023-10-31,Norway,NO,Age60_69,,72421
2023-10-31,Poland,PL,Age60_69,,1527
2023-10-31,Portugal,PT,Age60_69,,281009
2023-10-31,Sweden,SE,Age60_69,,23593
2023-10-31,Slovenia,SI,Age60_69,,3094
2023-10-31,Slovakia,SK,Age60_69,,2839
2023-10-31,Belgium,BE,Age70_79,,352718
2023-10-31,Bulgaria,BG,Age70_79,,7934
2023-10-31,Cyprus,CY,Age70_79,,885
2023-10-31,Czechia,CZ,Age70_79,,73729
2023-10-31,Denmark,DK,Age70_79,,332154
2023-10-31,Estonia,EE,Age70_79,,4384
2023-10-31,Greece,GR,Age70_79,,7514
2023-10-31,Spain,ES,Age70_79,,852415
2023-10-31,Finland,FI,Age70_79,,4825
2023-10-31,France,FR,Age70_79,,836485
2023-10-31,Hungary,HU,Age70_79,,174
2023-10-31,Ireland,IE,Age70_79,,120327
2023-10-31,Iceland,IS,Age70_79,,5727
2023-10-31,Italy,IT,Age70_79,,80504
2023-10-31,Liechtenstein,LI,Age70_79,,71
2023-10-31,Luxembourg,LU,Age70_79,,1853
2023-10-31,Malta,MT,Age70_79,,0
2023-10-31,Netherlands,NL,Age70_79,,222733
2023-10-31,Norway,NO,Age70_79,,135026
2023-10-31,Poland,PL,Age70_79,,1420
2023-10-31,Portugal,PT,Age70_79,,370805
2023-10-31,Sweden,SE,Age70_79,,34948
2023-10-31,Slovenia,SI,Age70_79,,4681
2023-10-31,Slovakia,SK,Age70_79,,3358
2023-10-31,Belgium,BE,Age80+,,218316
2023-10-31,Bulgaria,BG,Age80+,,3149
2023-10-31,Cyprus,CY,Age80+,,621
2023-10-31,Czechia,CZ,Age80+,,38105
2023-10-31,Denmark,DK,Age80+,,168197
2023-10-31,Estonia,EE,Age80+,,2737
2023-10-31,Greece,GR,Age80+,,4050
2023-10-31,Spain,ES,Age80+,,1079908
2023-10-31,Finland,FI,Age80+,,4254
2023-10-31,France,FR,Age80+,,656052
2023-10-31,Hungary,HU,Age80+,,83
2023-10-31,Ireland,IE,Age80+,,79547
2023-10-31,Iceland,IS,Age80+,,3539
2023-10-31,Italy,IT,Age80+,,88254
2023-10-31,Liechtenstein,LI,Age80+,,30
2023-10-31,Luxembourg,LU,Age80+,,1699
2023-10-31,Malta,MT,Age80+,,76
2023-10-31,Netherlands,NL,Age80+,,390158
2023-10-31,Norway,NO,Age80+,,71096
2023-10-31,Poland,PL,Age80+,,618
2023-10-31,Portugal,PT,Age80+,,296011
2023-10-31,Sweden,SE,Age80+,,27418
2023-10-31,Slovenia,SI,Age80+,,3763
2023-10-31,Slovakia,SK,Age80+,,1214
2023-10-31,Bulgaria,BG,Age<18,,230
2023-10-31,Spain,ES,Age<18,,3026
2023-10-31,Bulgaria,BG,AgeUNK,,0
2023-10-31,Estonia,EE,AgeUNK,,0
2023-10-31,Greece,GR,AgeUNK,,0
2023-10-31,Spain,ES,AgeUNK,,0
2023-10-31,Finland,FI,AgeUNK,,0
2023-10-31,Hungary,HU,AgeUNK,,0
2023-10-31,Ireland,IE,AgeUNK,,0
2023-10-31,Iceland,IS,AgeUNK,,0
2023-10-31,Liechtenstein,LI,AgeUNK,,0
2023-10-31,Malta,MT,AgeUNK,,0
2023-10-31,Portugal,PT,AgeUNK,,0
2023-10-31,Cyprus,CY,Chronic,,446
2023-10-31,Czechia,CZ,Chronic,,12986
2023-10-31,Greece,GR,Chronic,,0
2023-10-31,Spain,ES,Chronic,,51893
2023-10-31,Ireland,IE,Chronic,,3636
2023-10-31,Iceland,IS,Chronic,,0
2023-10-31,Malta,MT,Chronic,,0
2023-10-31,Portugal,PT,Chronic,,65782
2023-10-31,Belgium,BE,HCW,,86721
2023-10-31,Bulgaria,BG,HCW,,704
2023-10-31,Cyprus,CY,HCW,,51
2023-10-31,Czechia,CZ,HCW,,11256
2023-10-31,Greece,GR,HCW,,1709
2023-10-31,Spain,ES,HCW,,152964
2023-10-31,France,FR,HCW,,23341
2023-10-31,Ireland,IE,HCW,,23813
2023-10-31,Iceland,IS,HCW,,0
2023-10-31,Malta,MT,HCW,,0
2023-10-31,Norway,NO,HCW,,1669
2023-10-31,Portugal,PT,HCW,,52051
2023-10-31,Greece,GR,Pregnant,,0
2023-10-31,Spain,ES,Pregnant,,2415
2023-10-31,Ireland,IE,Pregnant,,6287
2023-10-31,Iceland,IS,Pregnant,,0
2023-10-31,Malta,MT,Pregnant,,0
2023-10-31,Portugal,PT,Pregnant,,1409
2023-11-30,Belgium,BE,ALL,,210240
2023-11-30,Bulgaria,BG,ALL,,22957
2023-11-30,Cyprus,CY,ALL,,1209
2023-11-30,Czechia,CZ,ALL,,123282
2023-11-30,Germany,DE,ALL,,1657331
2023-11-30,Denmark,DK,ALL,,318034
2023-11-30,Estonia,EE,ALL,,27215
2023-11-30,Greece,GR,ALL,,80754
2023-11-30,Spain,ES,ALL,,3002993
2023-11-30,Finland,FI,ALL,,699821
2023-11-30,France,FR,ALL,,2033874
2023-11-30,Hungary,HU,ALL,,1165
2023-11-30,Ireland,IE,ALL,,205202
2023-11-30,Iceland,IS,ALL,,10398
2023-11-30,Liechtenstein,LI,ALL,,376
2023-11-30,Luxembourg,LU,ALL,,8115
2023-11-30,Malta,MT,ALL,,5
2023-11-30,Netherlands,NL,ALL,,1174360
2023-11-30,Norway,NO,ALL,,306128
2023-11-30,Poland,PL,ALL,,8618
2023-11-30,Portugal,PT,ALL,,587534
2023-11-30,Romania,RO,ALL,,1088
2023-11-30,Sweden,SE,ALL,,1508449
2023-11-30,Slovenia,SI,ALL,,14514
2023-11-30,Slovakia,SK,ALL,,12908
2023-11-30,Bulgaria,BG,Age18_24,,116
2023-11-30,Bulgaria,BG,Age25_49,,1947
2023-11-30,Bulgaria,BG,Age50_59,,1829
2023-11-30,Belgium,BE,Age60+,,147498
2023-11-30,Cyprus,CY,Age60+,,1039
2023-11-30,Czechia,CZ,Age60+,,102155
2023-11-30,Germany,DE,Age60+,,1422035
2023-11-30,Greece,GR,Age60+,,64966
2023-11-30,Spain,ES,Age60+,,2574037
2023-11-30,Finland,FI,Age60+,,633633
2023-11-30,France,FR,Age60+,,1771418
2023-11-30,Liechtenstein,LI,Age60+,,316
2023-11-30,Lithuania,LT,Age60+,,15184
2023-11-30,Netherlands,NL,Age60+,,1077663
2023-11-30,Norway,NO,Age60+,,263024
2023-11-30,Portugal,PT,Age60+,,508326
2023-11-30,Sweden,SE,Age60+,,1297525
2023-11-30,Slovakia,SK,Age60+,,8967
2023-11-30,Belgium,BE,Age60_69,,61140
2023-11-30,Bulgaria,BG,Age60_69,,5328
2023-11-30,Cyprus,CY,Age60_69,,227
2023-11-30,Czechia,CZ,Age60_69,,29148
2023-11-30,Denmark,DK,Age60_69,,80804
2023-11-30,Estonia,EE,Age60_69,,7143
2023-11-30,Greece,GR,Age60_69,,22564
2023-11-30,Spain,ES,Age60_69,,985200
2023-11-30,Finland,FI,Age60_69,,172504
2023-11-30,France,FR,Age60_69,,466925
2023-11-30,Hungary,HU,Age60_69,,279
2023-11-30,Ireland,IE,Age60_69,,56316
2023-11-30,Iceland,IS,Age60_69,,3272
2023-11-30,Italy,IT,Age60_69,,178073
2023-11-30,Liechtenstein,LI,Age60_69,,64
2023-11-30,Luxembourg,LU,Age60_69,,2165
2023-11-30,Malta,MT,Age60_69,,0
2023-11-30,Netherlands,NL,Age60_69,,305716
2023-11-30,Norway,NO,Age60_69,,82956
2023-11-30,Poland,PL,Age60_69,,2153
2023-11-30,Portugal,PT,Age60_69,,204335
2023-11-30,Romania,RO,Age60_69,,168
2023-11-30,Sweden,SE,Age60_69,,370512
2023-11-30,Slovenia,SI,Age60_69,,3134
2023-11-30,Slovakia,SK,Age60_69,,3682
2023-11-30,Belgium,BE,Age70_79,,56771
2023-11-30,Bulgaria,BG,Age70_79,,9739
2023-11-30,Cyprus,CY,Age70_79,,413
2023-11-30,Czechia,CZ,Age70_79,,48531
2023-11-30,Denmark,DK,Age70_79,,118322
2023-11-30,Estonia,EE,Age70_79,,8310
2023-11-30,Greece,GR,Age70_79,,26604
2023-11-30,Spain,ES,Age70_79,,1005689
2023-11-30,Finland,FI,Age70_79,,294299
2023-11-30,France,FR,Age70_79,,745501
2023-11-30,Hungary,HU,Age70_79,,428
2023-11-30,Ireland,IE,Age70_79,,49706
2023-11-30,Iceland,IS,Age70_79,,3620
2023-11-30,Italy,IT,Age70_79,,268962
2023-11-30,Liechtenstein,LI,Age70_79,,116
2023-11-30,Luxembourg,LU,Age70_79,,2332
2023-11-30,Malta,MT,Age70_79,,0
2023-11-30,Netherlands,NL,Age70_79,,619864
2023-11-30,Norway,NO,Age70_79,,118040
2023-11-30,Poland,PL,Age70_79,,2517
2023-11-30,Portugal,PT,Age70_79,,188491
2023-11-30,Romania,RO,Age70_79,,115
2023-11-30,Sweden,SE,Age70_79,,583039
2023-11-30,Slovenia,SI,Age70_79,,4752
2023-11-30,Slovakia,SK,Age70_79,,3942
2023-11-30,Belgium,BE,Age80+,,29587
2023-11-30,Bulgaria,BG,Age80+,,3871
2023-11-30,Cyprus,CY,Age80+,,232
2023-11-30,Czechia,CZ,Age80+,,24476
2023-11-30,Denmark,DK,Age80+,,78693
2023-11-30,Estonia,EE,Age80+,,5636
2023-11-30,Greece,GR,Age80+,,15798
2023-11-30,Spain,ES,Age80+,,583148
2023-11-30,Finland,FI,Age80+,,166830
2023-11-30,France,FR,Age80+,,558992
2023-11-30,Hungary,HU,Age80+,,192
2023-11-30,Ireland,IE,Age80+,,27354
2023-11-30,Iceland,IS,Age80+,,2002
2023-11-30,Italy,IT,Age80+,,277470
2023-11-30,Liechtenstein,LI,Age80+,,136
2023-11-30,Luxembourg,LU,Age80+,,1729
2023-11-30,Malta,MT,Age80+,,0
2023-11-30,Netherlands,NL,Age80+,,152083
2023-11-30,Norway,NO,Age80+,,62028
2023-11-30,Poland,PL,Age80+,,996
2023-11-30,Portugal,PT,Age80+,,115500
2023-11-30,Romania,RO,Age80+,,75
2023-11-30,Sweden,SE,Age80+,,343974
2023-11-30,Slovenia,SI,Age80+,,4111
2023-11-30,Slovakia,SK,Age80+,,1343
2023-11-30,Bulgaria,BG,Age<18,,127
2023-11-30,Spain,ES,Age<18,,9487
2023-11-30,Bulgaria,BG,AgeUNK,,0
2023-11-30,Estonia,EE,AgeUNK,,0
2023-11-30,Greece,GR,AgeUNK,,0
2023-11-30,Spain,ES,AgeUNK,,0
2023-11-30,Finland,FI,AgeUNK,,0
2023-11-30,Hungary,HU,AgeUNK,,0
2023-11-30,Ireland,IE,AgeUNK,,0
2023-11-30,Iceland,IS,AgeUNK,,0
2023-11-30,Liechtenstein,LI,AgeUNK,,0
2023-11-30,Malta,MT,AgeUNK,,0
2023-11-30,Portugal,PT,AgeUNK,,0
2023-11-30,Cyprus,CY,Chronic,,334
2023-11-30,Czechia,CZ,Chronic,,9397
2023-11-30,Greece,GR,Chronic,,0
2023-11-30,Spain,ES,Chronic,,100653
2023-11-30,Ireland,IE,Chronic,,3473
2023-11-30,Iceland,IS,Chronic,,0
2023-11-30,Malta,MT,Chronic,,0
2023-11-30,Portugal,PT,Chronic,,44008
2023-11-30,Belgium,BE,HCW,,13674
2023-11-30,Bulgaria,BG,HCW,,495
2023-11-30,Cyprus,CY,HCW,,13
2023-11-30,Czechia,CZ,HCW,,6875
2023-11-30,Greece,GR,HCW,,3649
2023-11-30,Spain,ES,HCW,,108229
2023-11-30,France,FR,HCW,,23100
2023-11-30,Ireland,IE,HCW,,8782
2023-11-30,Iceland,IS,HCW,,0
2023-11-30,Malta,MT,HCW,,0
2023-11-30,Norway,NO,HCW,,1984
2023-11-30,Portugal,PT,HCW,,21769
2023-11-30,Greece,GR,Pregnant,,0
2023-11-30,Spain,ES,Pregnant,,4253
2023-11-30,Ireland,IE,Pregnant,,3116
2023-11-30,Iceland,IS,Pregnant,,0
2023-11-30,Malta,MT,Pregnant,,0
2023-11-30,Portugal,PT,Pregnant,,1558
2023-12-31,Belgium,BE,ALL,,42666
2023-12-31,Bulgaria,BG,ALL,,3533
2023-12-31,Cyprus,CY,ALL,,514
2023-12-31,Czechia,CZ,ALL,,34596
2023-12-31,Germany,DE,ALL,,836494
2023-12-31,Denmark,DK,ALL,,54198
2023-12-31,Estonia,EE,ALL,,10426
2023-12-31,Greece,GR,ALL,,62603
2023-12-31,Spain,ES,ALL,,583187
2023-12-31,Finland,FI,ALL,,184834
2023-12-31,France,FR,ALL,,959338
2023-12-31,Hungary,HU,ALL,,5492
2023-12-31,Ireland,IE,ALL,,77753
2023-12-31,Iceland,IS,ALL,,4806
2023-12-31,Liechtenstein,LI,ALL,,166
2023-12-31,Luxembourg,LU,ALL,,4000
2023-12-31,Malta,MT,ALL,,1310
2023-12-31,Netherlands,NL,ALL,,476327
2023-12-31,Norway,NO,ALL,,58906
2023-12-31,Poland,PL,ALL,,378939
2023-12-31,Portugal,PT,ALL,,124475
2023-12-31,Sweden,SE,ALL,,357871
2023-12-31,Slovenia,SI,ALL,,6363
2023-12-31,Slovakia,SK,ALL,,2202
2023-12-31,Belgium,BE,Age60+,,28130
2023-12-31,Cyprus,CY,Age60+,,422
2023-12-31,Czechia,CZ,Age60+,,27342
2023-12-31,Germany,DE,Age60+,,710369
2023-12-31,Greece,GR,Age60+,,51442
2023-12-31,Spain,ES,Age60+,,436072
2023-12-31,Finland,FI,Age60+,,162130
2023-12-31,France,FR,Age60+,,813272
2023-12-31,Liechtenstein,LI,Age60+,,134
2023-12-31,Lithuania,LT,Age60+,,5832
2023-12-31,Netherlands,NL,Age60+,,400639
2023-12-31,Norway,NO,Age60+,,46636
2023-12-31,Portugal,PT,Age60+,,107579
2023-12-31,Sweden,SE,Age60+,,237870
2023-12-31,Slovakia,SK,Age60+,,1524
2023-12-31,Belgium,BE,Age60_69,,12619
2023-12-31,Bulgaria,BG,Age60_69,,765
2023-12-31,Cyprus,CY,Age60_69,,109
2023-12-31,Czechia,CZ,Age60_69,,8424
2023-12-31,Denmark,DK,Age60_69,,15473
2023-12-31,Estonia,EE,Age60_69,,2630
2023-12-31,Greece,GR,Age60_69,,16877
2023-12-31,Spain,ES,Age60_69,,197336
2023-12-31,Finland,FI,Age60_69,,51061
2023-12-31,France,FR,Age60_69,,231941
2023-12-31,Hungary,HU,Age60_69,,1353
2023-12-31,Ireland,IE,Age60_69,,20007
2023-12-31,Iceland,IS,Age60_69,,2044
2023-12-31,Italy,IT,Age60_69,,169330
2023-12-31,Liechtenstein,LI,Age60_69,,45
2023-12-31,Lithuania,LT,Age60_69,,5832
2023-12-31,Luxembourg,LU,Age60_69,,1058
2023-12-31,Malta,MT,Age60_69,,163
2023-12-31,Netherlands,NL,Age60_69,,163662
2023-12-31,Norway,NO,Age60_69,,17324
2023-12-31,Poland,PL,Age60_69,,99256
2023-12-31,Portugal,PT,Age60_69,,47351
2023-12-31,Sweden,SE,Age60_69,,98746
2023-12-31,Slovenia,SI,Age60_69,,1452
2023-12-31,Slovakia,SK,Age60_69,,551
2023-12-31,Belgium,BE,Age70_79,,10583
2023-12-31,Bulgaria,BG,Age70_79,,1292
2023-12-31,Cyprus,CY,Age70_79,,206
2023-12-31,Czechia,CZ,Age70_79,,12876
2023-12-31,Denmark,DK,Age70_79,,16703
2023-12-31,Estonia,EE,Age70_79,,3209
2023-12-31,Greece,GR,Age70_79,,21611
2023-12-31,Spain,ES,Age70_79,,151464
2023-12-31,Finland,FI,Age70_79,,74247
2023-12-31,France,FR,Age70_79,,344856
2023-12-31,Hungary,HU,Age70_79,,2117
2023-12-31,Ireland,IE,Age70_79,,16411
2023-12-31,Iceland,IS,Age70_79,,1616
2023-12-31,Italy,IT,Age70_79,,267764
2023-12-31,Liechtenstein,LI,Age70_79,,58
2023-12-31,Lithuania,LT,Age70_79,,2289
2023-12-31,Luxembourg,LU,Age70_79,,1060
2023-12-31,Malta,MT,Age70_79,,314
2023-12-31,Netherlands,NL,Age70_79,,204650
2023-12-31,Norway,NO,Age70_79,,19180
2023-12-31,Poland,PL,Age70_79,,124236
2023-12-31,Portugal,PT,Age70_79,,36720
2023-12-31,Sweden,SE,Age70_79,,97431
2023-12-31,Slovenia,SI,Age70_79,,2034
2023-12-31,Slovakia,SK,Age70_79,,737
2023-12-31,Belgium,BE,Age80+,,4928
2023-12-31,Bulgaria,BG,Age80+,,607
2023-12-31,Cyprus,CY,Age80+,,107
2023-12-31,Czechia,CZ,Age80+,,6042
2023-12-31,Denmark,DK,Age80+,,10322
2023-12-31,Estonia,EE,Age80+,,2425
2023-12-31,Greece,GR,Age80+,,12954
2023-12-31,Spain,ES,Age80+,,87272
2023-12-31,Finland,FI,Age80+,,36822
2023-12-31,France,FR,Age80+,,236475
2023-12-31,Hungary,HU,Age80+,,817
2023-12-31,Ireland,IE,Age80+,,8311
2023-12-31,Iceland,IS,Age80+,,501
2023-12-31,Italy,IT,Age80+,,251818
2023-12-31,Liechtenstein,LI,Age80+,,31
2023-12-31,Lithuania,LT,Age80+,,1650
2023-12-31,Luxembourg,LU,Age80+,,816
2023-12-31,Malta,MT,Age80+,,582
2023-12-31,Netherlands,NL,Age80+,,32327
2023-12-31,Norway,NO,Age80+,,10132
2023-12-31,Poland,PL,Age80+,,42780
2023-12-31,Portugal,PT,Age80+,,23508
2023-12-31,Sweden,SE,Age80+,,41693
2023-12-31,Slovenia,SI,Age80+,,1602
2023-12-31,Slovakia,SK,Age80+,,236
2023-12-31,Bulgaria,BG,AgeUNK,,0
2023-12-31,Estonia,EE,AgeUNK,,1
2023-12-31,Greece,GR,AgeUNK,,0
2023-12-31,Spain,ES,AgeUNK,,0
2023-12-31,Finland,FI,AgeUNK,,0
2023-12-31,Hungary,HU,AgeUNK,,0
2023-12-31,Ireland,IE,AgeUNK,,0
2023-12-31,Iceland,IS,AgeUNK,,0
2023-12-31,Liechtenstein,LI,AgeUNK,,0
2023-12-31,Malta,MT,AgeUNK,,0
2023-12-31,Portugal,PT,AgeUNK,,0
2023-12-31,Cyprus,CY,Chronic,,0
2023-12-31,Czechia,CZ,Chronic,,3175
2023-12-31,Greece,GR,Chronic,,0
2023-12-31,Spain,ES,Chronic,,31348
2023-12-31,Ireland,IE,Chronic,,1433
2023-12-31,Iceland,IS,Chronic,,0
2023-12-31,Malta,MT,Chronic,,0
2023-12-31,Portugal,PT,Chronic,,10041
2023-12-31,Belgium,BE,HCW,,2012
2023-12-31,Bulgaria,BG,HCW,,70
2023-12-31,Cyprus,CY,HCW,,4
2023-12-31,Czechia,CZ,HCW,,1847
2023-12-31,Greece,GR,HCW,,2300
2023-12-31,Spain,ES,HCW,,21313
2023-12-31,France,FR,HCW,,9336
2023-12-31,Ireland,IE,HCW,,3553
2023-12-31,Iceland,IS,HCW,,0
2023-12-31,Malta,MT,HCW,,0
2023-12-31,Norway,NO,HCW,,465
2023-12-31,Portugal,PT,HCW,,2952
2023-12-31,Greece,GR,Pregnant,,0
2023-12-31,Spain,ES,Pregnant,,1754
2023-12-31,Ireland,IE,Pregnant,,1048
2023-12-31,Iceland,IS,Pregnant,,0
2023-12-31,Malta,MT,Pregnant,,0
2023-12-31,Portugal,PT,Pregnant,,607
2024-01-31,Belgium,BE,ALL,,6855
2024-01-31,Bulgaria,BG,ALL,,1412
2024-01-31,Cyprus,CY,ALL,,186
2024-01-31,Czechia,CZ,ALL,,17530
2024-01-31,Germany,DE,ALL,,221151
2024-01-31,Denmark,DK,ALL,,7276
2024-01-31,Estonia,EE,ALL,,2435
2024-01-31,Greece,GR,ALL,,142515
2024-01-31,Spain,ES,ALL,,486168
2024-01-31,Finland,FI,ALL,,14846
2024-01-31,France,FR,ALL,,216689
2024-01-31,Hungary,HU,ALL,,11751
2024-01-31,Ireland,IE,ALL,,28107
2024-01-31,Iceland,IS,ALL,,675
2024-01-31,Liechtenstein,LI,ALL,,40
2024-01-31,Luxembourg,LU,ALL,,766
2024-01-31,Netherlands,NL,ALL,,2600
2024-01-31,Norway,NO,ALL,,10013
2024-01-31,Poland,PL,ALL,,238524
2024-01-31,Portugal,PT,ALL,,133096
2024-01-31,Romania,RO,ALL,,158
2024-01-31,Sweden,SE,ALL,,56408
2024-01-31,Slovenia,SI,ALL,,1576
2024-01-31,Belgium,BE,Age60+,,4101
2024-01-31,Cyprus,CY,Age60+,,150
2024-01-31,Czechia,CZ,Age60+,,13121
2024-01-31,Germany,DE,Age60+,,186129
2024-01-31,Greece,GR,Age60+,,119895
2024-01-31,Spain,ES,Age60+,,322602
2024-01-31,Finland,FI,Age60+,,11990
2024-01-31,France,FR,Age60+,,180673
2024-01-31,Lithuania,LT,Age60+,,730
2024-01-31,Netherlands,NL,Age60+,,1504
2024-01-31,Norway,NO,Age60+,,7625
2024-01-31,Portugal,PT,Age60+,,75189
2024-01-31,Sweden,SE,Age60+,,33472
2024-01-31,Belgium,BE,Age60_69,,1905
2024-01-31,Bulgaria,BG,Age60_69,,297
2024-01-31,Cyprus,CY,Age60_69,,43
2024-01-31,Czechia,CZ,Age60_69,,4421
2024-01-31,Denmark,DK,Age60_69,,1789
2024-01-31,Estonia,EE,Age60_69,,574
2024-01-31,Greece,GR,Age60_69,,40726
2024-01-31,Spain,ES,Age60_69,,148156
2024-01-31,Finland,FI,Age60_69,,4500
2024-01-31,France,FR,Age60_69,,49481
2024-01-31,Hungary,HU,Age60_69,,2665
2024-01-31,Ireland,IE,Age60_69,,7165
2024-01-31,Iceland,IS,Age60_69,,258
2024-01-31,Italy,IT,Age60_69,,44083
2024-01-31,Lithuania,LT,Age60_69,,236
2024-01-31,Luxembourg,LU,Age60_69,,176
2024-01-31,Netherlands,NL,Age60_69,,627
2024-01-31,Norway,NO,Age60_69,,2763
2024-01-31,Poland,PL,Age60_69,,62991
2024-01-31,Portugal,PT,Age60_69,,36984
2024-01-31,Romania,RO,Age60_69,,18
2024-01-31,Sweden,SE,Age60_69,,15523
2024-01-31,Slovenia,SI,Age60_69,,323
2024-01-31,Belgium,BE,Age70_79,,1602
2024-01-31,Bulgaria,BG,Age70_79,,427
2024-01-31,Cyprus,CY,Age70_79,,60
2024-01-31,Czechia,CZ,Age70_79,,5937
2024-01-31,Denmark,DK,Age70_79,,1744
2024-01-31,Estonia,EE,Age70_79,,651
2024-01-31,Greece,GR,Age70_79,,51797
2024-01-31,Spain,ES,Age70_79,,107680
2024-01-31,Finland,FI,Age70_79,,5013
2024-01-31,France,FR,Age70_79,,70807
2024-01-31,Hungary,HU,Age70_79,,4716
2024-01-31,Ireland,IE,Age70_79,,5920
2024-01-31,Iceland,IS,Age70_79,,189
2024-01-31,Italy,IT,Age70_79,,73876
2024-01-31,Lithuania,LT,Age70_79,,237
2024-01-31,Luxembourg,LU,Age70_79,,223
2024-01-31,Netherlands,NL,Age70_79,,586
2024-01-31,Norway,NO,Age70_79,,3286
2024-01-31,Poland,PL,Age70_79,,82865
2024-01-31,Portugal,PT,Age70_79,,25145
2024-01-31,Romania,RO,Age70_79,,18
2024-01-31,Sweden,SE,Age70_79,,12517
2024-01-31,Slovenia,SI,Age70_79,,523
2024-01-31,Belgium,BE,Age80+,,594
2024-01-31,Bulgaria,BG,Age80+,,185
2024-01-31,Cyprus,CY,Age80+,,47
2024-01-31,Czechia,CZ,Age80+,,2763
2024-01-31,Denmark,DK,Age80+,,996
2024-01-31,Estonia,EE,Age80+,,524
2024-01-31,Greece,GR,Age80+,,27372
2024-01-31,Spain,ES,Age80+,,66766
2024-01-31,Finland,FI,Age80+,,2477
2024-01-31,France,FR,Age80+,,60385
2024-01-31,Hungary,HU,Age80+,,2187
2024-01-31,Ireland,IE,Age80+,,3191
2024-01-31,Iceland,IS,Age80+,,45
2024-01-31,Italy,IT,Age80+,,17836
2024-01-31,Lithuania,LT,Age80+,,257
2024-01-31,Luxembourg,LU,Age80+,,172
2024-01-31,Netherlands,NL,Age80+,,291
2024-01-31,Norway,NO,Age80+,,1576
2024-01-31,Poland,PL,Age80+,,30161
2024-01-31,Portugal,PT,Age80+,,13060
2024-01-31,Romania,RO,Age80+,,5
2024-01-31,Sweden,SE,Age80+,,5432
2024-01-31,Slovenia,SI,Age80+,,418
2024-01-31,Bulgaria,BG,AgeUNK,,0
2024-01-31,Cyprus,CY,AgeUNK,,0
2024-01-31,Estonia,EE,AgeUNK,,0
2024-01-31,Greece,GR,AgeUNK,,0
2024-01-31,Spain,ES,AgeUNK,,0
2024-01-31,Finland,FI,AgeUNK,,0
2024-01-31,Hungary,HU,AgeUNK,,0
2024-01-31,Ireland,IE,AgeUNK,,0
2024-01-31,Iceland,IS,AgeUNK,,0
2024-01-31,Poland,PL,AgeUNK,,30
2024-01-31,Portugal,PT,AgeUNK,,0
2024-01-31,Cyprus,CY,Chronic,,9
2024-01-31,Czechia,CZ,Chronic,,1704
2024-01-31,Greece,GR,Chronic,,0
2024-01-31,Spain,ES,Chronic,,33600
2024-01-31,Ireland,IE,Chronic,,635
2024-01-31,Iceland,IS,Chronic,,0
2024-01-31,Portugal,PT,Chronic,,5301
2024-01-31,Belgium,BE,HCW,,319
2024-01-31,Bulgaria,BG,HCW,,43
2024-01-31,Cyprus,CY,HCW,,1
2024-01-31,Czechia,CZ,HCW,,1017
2024-01-31,Greece,GR,HCW,,3692
2024-01-31,Spain,ES,HCW,,18049
2024-01-31,France,FR,HCW,,1910
2024-01-31,Ireland,IE,HCW,,1842
2024-01-31,Iceland,IS,HCW,,0
2024-01-31,Norway,NO,HCW,,70
2024-01-31,Portugal,PT,HCW,,1876
2024-01-31,Cyprus,CY,Pregnant,,0
2024-01-31,Greece,GR,Pregnant,,0
2024-01-31,Spain,ES,Pregnant,,1307
2024-01-31,Ireland,IE,Pregnant,,434
2024-01-31,Iceland,IS,Pregnant,,0
2024-01-31,Portugal,PT,Pregnant,,517
2024-02-29,Belgium,BE,ALL,,1723
2024-02-29,Bulgaria,BG,ALL,,270
2024-02-29,Cyprus,CY,ALL,,17
2024-02-29,Czechia,CZ,ALL,,2526
2024-02-29,Germany,DE,ALL,,52080
2024-02-29,Denmark,DK,ALL,,166
2024-02-29,Estonia,EE,ALL,,607
2024-02-29,Greece,GR,ALL,,19391
2024-02-29,Spain,ES,ALL,,55051
2024-02-29,Finland,FI,ALL,,3393
2024-02-29,France,FR,ALL,,49083
2024-02-29,Hungary,HU,ALL,,4905
2024-02-29,Ireland,IE,ALL,,6609
2024-02-29,Iceland,IS,ALL,,166
2024-02-29,Liechtenstein,LI,ALL,,0
2024-02-29,Luxembourg,LU,ALL,,187
2024-02-29,Netherlands,NL,ALL,,1055
2024-02-29,Norway,NO,ALL,,2801
2024-02-29,Poland,PL,ALL,,79083
2024-02-29,Portugal,PT,ALL,,39622
2024-02-29,Sweden,SE,ALL,,18338
2024-02-29,Slovenia,SI,ALL,,205
2024-02-29,Belgium,BE,Age60+,,937
2024-02-29,Cyprus,CY,Age60+,,14
2024-02-29,Czechia,CZ,Age60+,,1709
2024-02-29,Germany,DE,Age60+,,43394
2024-02-29,Greece,GR,Age60+,,16369
2024-02-29,Spain,ES,Age60+,,37746
2024-02-29,Finland,FI,Age60+,,2641
2024-02-29,France,FR,Age60+,,39865
2024-02-29,Lithuania,LT,Age60+,,108
2024-02-29,Netherlands,NL,Age60+,,633
2024-02-29,Norway,NO,Age60+,,1892
2024-02-29,Portugal,PT,Age60+,,21090
2024-02-29,Sweden,SE,Age60+,,10793
2024-02-29,Belgium,BE,Age60_69,,436
2024-02-29,Bulgaria,BG,Age60_69,,37
2024-02-29,Cyprus,CY,Age60_69,,2
2024-02-29,Czechia,CZ,Age60_69,,598
2024-02-29,Denmark,DK,Age60_69,,15
2024-02-29,Estonia,EE,Age60_69,,170
2024-02-29,Greece,GR,Age60_69,,4675
2024-02-29,Spain,ES,Age60_69,,14846
2024-02-29,Finland,FI,Age60_69,,914
2024-02-29,France,FR,Age60_69,,10471
2024-02-29,Hungary,HU,Age60_69,,915
2024-02-29,Ireland,IE,Age60_69,,1576
2024-02-29,Iceland,IS,Age60_69,,67
2024-02-29,Italy,IT,Age60_69,,4773
2024-02-29,Lithuania,LT,Age60_69,,43
2024-02-29,Luxembourg,LU,Age60_69,,44
2024-02-29,Netherlands,NL,Age60_69,,255
2024-02-29,Norway,NO,Age60_69,,676
2024-02-29,Poland,PL,Age60_69,,20254
2024-02-29,Portugal,PT,Age60_69,,11180
2024-02-29,Sweden,SE,Age60_69,,4815
2024-02-29,Slovenia,SI,Age60_69,,36
2024-02-29,Belgium,BE,Age70_79,,357
2024-02-29,Bulgaria,BG,Age70_79,,55
2024-02-29,Cyprus,CY,Age70_79,,8
2024-02-29,Czechia,CZ,Age70_79,,733
2024-02-29,Denmark,DK,Age70_79,,4
2024-02-29,Estonia,EE,Age70_79,,135
2024-02-29,Greece,GR,Age70_79,,6682
2024-02-29,Spain,ES,Age70_79,,13089
2024-02-29,Finland,FI,Age70_79,,1171
2024-02-29,France,FR,Age70_79,,14288
2024-02-29,Hungary,HU,Age70_79,,1563
2024-02-29,Ireland,IE,Age70_79,,1500
2024-02-29,Iceland,IS,Age70_79,,54
2024-02-29,Italy,IT,Age70_79,,7710
2024-02-29,Lithuania,LT,Age70_79,,31
2024-02-29,Luxembourg,LU,Age70_79,,35
2024-02-29,Netherlands,NL,Age70_79,,241
2024-02-29,Norway,NO,Age70_79,,801
2024-02-29,Poland,PL,Age70_79,,27798
2024-02-29,Portugal,PT,Age70_79,,6211
2024-02-29,Sweden,SE,Age70_79,,4311
2024-02-29,Slovenia,SI,Age70_79,,64
2024-02-29,Belgium,BE,Age80+,,144
2024-02-29,Bulgaria,BG,Age80+,,21
2024-02-29,Cyprus,CY,Age80+,,4
2024-02-29,Czechia,CZ,Age80+,,378
2024-02-29,Denmark,DK,Age80+,,1
2024-02-29,Estonia,EE,Age80+,,120
2024-02-29,Greece,GR,Age80+,,5012
2024-02-29,Spain,ES,Age80+,,9811
2024-02-29,Finland,FI,Age80+,,556
2024-02-29,France,FR,Age80+,,15106
2024-02-29,Hungary,HU,Age80+,,1703
2024-02-29,Ireland,IE,Age80+,,886
2024-02-29,Iceland,IS,Age80+,,12
2024-02-29,Italy,IT,Age80+,,3053
2024-02-29,Lithuania,LT,Age80+,,34
2024-02-29,Luxembourg,LU,Age80+,,59
2024-02-29,Netherlands,NL,Age80+,,137
2024-02-29,Norway,NO,Age80+,,415
2024-02-29,Poland,PL,Age80+,,11222
2024-02-29,Portugal,PT,Age80+,,3699
2024-02-29,Sweden,SE,Age80+,,1667
2024-02-29,Slovenia,SI,Age80+,,60
2024-02-29,Bulgaria,BG,AgeUNK,,0
2024-02-29,Cyprus,CY,AgeUNK,,0
2024-02-29,Estonia,EE,AgeUNK,,0
2024-02-29,Greece,GR,AgeUNK,,0
2024-02-29,Spain,ES,AgeUNK,,0
2024-02-29,Finland,FI,AgeUNK,,0
2024-02-29,Hungary,HU,AgeUNK,,0
2024-02-29,Ireland,IE,AgeUNK,,0
2024-02-29,Iceland,IS,AgeUNK,,0
2024-02-29,Poland,PL,AgeUNK,,11
2024-02-29,Portugal,PT,AgeUNK,,0
2024-02-29,Cyprus,CY,Chronic,,0
2024-02-29,Czechia,CZ,Chronic,,313
2024-02-29,Greece,GR,Chronic,,0
2024-02-29,Spain,ES,Chronic,,5303
2024-02-29,Ireland,IE,Chronic,,179
2024-02-29,Iceland,IS,Chronic,,0
2024-02-29,Portugal,PT,Chronic,,1256
2024-02-29,Belgium,BE,HCW,,70
2024-02-29,Bulgaria,BG,HCW,,12
2024-02-29,Cyprus,CY,HCW,,1
2024-02-29,Czechia,CZ,HCW,,136
2024-02-29,Greece,GR,HCW,,513
2024-02-29,Spain,ES,HCW,,1682
2024-02-29,France,FR,HCW,,412
2024-02-29,Ireland,IE,HCW,,339
2024-02-29,Iceland,IS,HCW,,0
2024-02-29,Norway,NO,HCW,,10
2024-02-29,Portugal,PT,HCW,,382
2024-02-29,Cyprus,CY,Pregnant,,0
2024-02-29,Greece,GR,Pregnant,,0
2024-02-29,Spain,ES,Pregnant,,245
2024-02-29,Ireland,IE,Pregnant,,161
2024-02-29,Iceland,IS,Pregnant,,0
2024-02-29,Portugal,PT,Pregnant,,240
2024-03-31,Belgium,BE,ALL,,462
2024-03-31,Bulgaria,BG,ALL,,187
2024-03-31,Cyprus,CY,ALL,,21
2024-03-31,Czechia,CZ,ALL,,653
2024-03-31,Germany,DE,ALL,,16406
2024-03-31,Denmark,DK,ALL,,163
2024-03-31,Estonia,EE,ALL,,229
2024-03-31,Greece,GR,ALL,,3869
2024-03-31,Spain,ES,ALL,,16280
2024-03-31,Finland,FI,ALL,,1271
2024-03-31,France,FR,ALL,,20799
2024-03-31,Hungary,HU,ALL,,2075
2024-03-31,Ireland,IE,ALL,,1357
2024-03-31,Iceland,IS,ALL,,89
2024-03-31,Liechtenstein,LI,ALL,,7
2024-03-31,Luxembourg,LU,ALL,,48
2024-03-31,Netherlands,NL,ALL,,374
2024-03-31,Norway,NO,ALL,,1189
2024-03-31,Poland,PL,ALL,,33463
2024-03-31,Portugal,PT,ALL,,7612
2024-03-31,Sweden,SE,ALL,,95416
2024-03-31,Slovenia,SI,ALL,,77
2024-03-31,Belgium,BE,Age60+,,220
2024-03-31,Cyprus,CY,Age60+,,11
2024-03-31,Czechia,CZ,Age60+,,400
2024-03-31,Germany,DE,Age60+,,13323
2024-03-31,Greece,GR,Age60+,,3143
2024-03-31,Spain,ES,Age60+,,11091
2024-03-31,Finland,FI,Age60+,,956
2024-03-31,France,FR,Age60+,,16859
2024-03-31,Lithuania,LT,Age60+,,14
2024-03-31,Netherlands,NL,Age60+,,175
2024-03-31,Norway,NO,Age60+,,744
2024-03-31,Portugal,PT,Age60+,,3869
2024-03-31,Sweden,SE,Age60+,,94494
2024-03-31,Belgium,BE,Age60_69,,95
2024-03-31,Bulgaria,BG,Age60_69,,33
2024-03-31,Cyprus,CY,Age60_69,,4
2024-03-31,Czechia,CZ,Age60_69,,146
2024-03-31,Denmark,DK,Age60_69,,8
2024-03-31,Estonia,EE,Age60_69,,49
2024-03-31,Greece,GR,Age60_69,,938
2024-03-31,Spain,ES,Age60_69,,4316
2024-03-31,Finland,FI,Age60_69,,307
2024-03-31,France,FR,Age60_69,,4338
2024-03-31,Hungary,HU,Age60_69,,378
2024-03-31,Ireland,IE,Age60_69,,276
2024-03-31,Iceland,IS,Age60_69,,29
2024-03-31,Italy,IT,Age60_69,,1029
2024-03-31,Lithuania,LT,Age60_69,,7
2024-03-31,Luxembourg,LU,Age60_69,,7
2024-03-31,Netherlands,NL,Age60_69,,68
2024-03-31,Norway,NO,Age60_69,,260
2024-03-31,Poland,PL,Age60_69,,8481
2024-03-31,Portugal,PT,Age60_69,,2030
2024-03-31,Sweden,SE,Age60_69,,1482
2024-03-31,Slovenia,SI,Age60_69,,14
2024-03-31,Belgium,BE,Age70_79,,95
2024-03-31,Bulgaria,BG,Age70_79,,35
2024-03-31,Cyprus,CY,Age70_79,,4
2024-03-31,Czechia,CZ,Age70_79,,170
2024-03-31,Denmark,DK,Age70_79,,7
2024-03-31,Estonia,EE,Age70_79,,45
2024-03-31,Greece,GR,Age70_79,,1255
2024-03-31,Spain,ES,Age70_79,,3913
2024-03-31,Finland,FI,Age70_79,,413
2024-03-31,France,FR,Age70_79,,6088
2024-03-31,Hungary,HU,Age70_79,,452
2024-03-31,Ireland,IE,Age70_79,,348
2024-03-31,Iceland,IS,Age70_79,,27
2024-03-31,Italy,IT,Age70_79,,1440
2024-03-31,Lithuania,LT,Age70_79,,5
2024-03-31,Luxembourg,LU,Age70_79,,8
2024-03-31,Netherlands,NL,Age70_79,,75
2024-03-31,Norway,NO,Age70_79,,340
2024-03-31,Poland,PL,Age70_79,,11393
2024-03-31,Portugal,PT,Age70_79,,1085
2024-03-31,Sweden,SE,Age70_79,,14556
2024-03-31,Slovenia,SI,Age70_79,,22
2024-03-31,Belgium,BE,Age80+,,30
2024-03-31,Bulgaria,BG,Age80+,,11
2024-03-31,Cyprus,CY,Age80+,,3
2024-03-31,Czechia,CZ,Age80+,,84
2024-03-31,Denmark,DK,Age80+,,1
2024-03-31,Estonia,EE,Age80+,,29
2024-03-31,Greece,GR,Age80+,,950
2024-03-31,Spain,ES,Age80+,,2862
2024-03-31,Finland,FI,Age80+,,236
2024-03-31,France,FR,Age80+,,6433
2024-03-31,Hungary,HU,Age80+,,612
2024-03-31,Ireland,IE,Age80+,,170
2024-03-31,Iceland,IS,Age80+,,2
2024-03-31,Italy,IT,Age80+,,746
2024-03-31,Lithuania,LT,Age80+,,2
2024-03-31,Luxembourg,LU,Age80+,,11
2024-03-31,Netherlands,NL,Age80+,,32
2024-03-31,Norway,NO,Age80+,,144
2024-03-31,Poland,PL,Age80+,,4437
2024-03-31,Portugal,PT,Age80+,,754
2024-03-31,Sweden,SE,Age80+,,78456
2024-03-31,Slovenia,SI,Age80+,,14
2024-03-31,Bulgaria,BG,AgeUNK,,0
2024-03-31,Cyprus,CY,AgeUNK,,0
2024-03-31,Estonia,EE,AgeUNK,,0
2024-03-31,Greece,GR,AgeUNK,,0
2024-03-31,Spain,ES,AgeUNK,,0
2024-03-31,Finland,FI,AgeUNK,,0
2024-03-31,Hungary,HU,AgeUNK,,0
2024-03-31,Ireland,IE,AgeUNK,,0
2024-03-31,Iceland,IS,AgeUNK,,0
2024-03-31,Poland,PL,AgeUNK,,15
2024-03-31,Portugal,PT,AgeUNK,,0
2024-03-31,Cyprus,CY,Chronic,,0
2024-03-31,Czechia,CZ,Chronic,,95
2024-03-31,Greece,GR,Chronic,,0
2024-03-31,Spain,ES,Chronic,,1681
2024-03-31,Ireland,IE,Chronic,,20
2024-03-31,Iceland,IS,Chronic,,0
2024-03-31,Portugal,PT,Chronic,,407
2024-03-31,Belgium,BE,HCW,,17
2024-03-31,Bulgaria,BG,HCW,,13
2024-03-31,Cyprus,CY,HCW,,0
2024-03-31,Czechia,CZ,HCW,,37
2024-03-31,Greece,GR,HCW,,78
2024-03-31,Spain,ES,HCW,,503
2024-03-31,France,FR,HCW,,226
2024-03-31,Ireland,IE,HCW,,2
2024-03-31,Iceland,IS,HCW,,0
2024-03-31,Norway,NO,HCW,,7
2024-03-31,Portugal,PT,HCW,,70
2024-03-31,Cyprus,CY,Pregnant,,0
2024-03-31,Greece,GR,Pregnant,,0
2024-03-31,Spain,ES,Pregnant,,112
2024-03-31,Ireland,IE,Pregnant,,76
2024-03-31,Iceland,IS,Pregnant,,0
2024-03-31,Portugal,PT,Pregnant,,93
2024-04-30,Cyprus,CY,ALL,,12
2024-04-30,Portugal,PT,ALL,,179
2024-04-30,Cyprus,CY,Age60+,,5
2024-04-30,Portugal,PT,Age60+,,67
2024-04-30,Cyprus,CY,Age60_69,,1
2024-04-30,Portugal,PT,Age60_69,,41
2024-04-30,Cyprus,CY,Age70_79,,1
2024-04-30,Portugal,PT,Age70_79,,11
2024-04-30,Cyprus,CY,Age80+,,3
2024-04-30,Portugal,PT,Age80+,,15
2024-04-30,Cyprus,CY,AgeUNK,,0
2024-04-30,Portugal,PT,AgeUNK,,0
2024-04-30,Cyprus,CY,Chronic,,0
2024-04-30,Portugal,PT,Chronic,,22
2024-04-30,Cyprus,CY,HCW,,0
2024-04-30,Portugal,PT,HCW,,4
2024-04-30,Cyprus,CY,Pregnant,,0
2024-04-30,Portugal,PT,Pregnant,,2
